member,zeitig
Duration.compare,"duration_compare()"
Duration.from,"duration(), as_duration()"
Duration.prototype.abs,"abs()"
Duration.prototype.add,"temporal_add()"
Duration.prototype.blank,"duration_blank()"
Duration.prototype.days,"temporal_fields()"
Duration.prototype.hours,"temporal_fields()"
Duration.prototype.microseconds,"temporal_fields()"
Duration.prototype.milliseconds,"temporal_fields()"
Duration.prototype.minutes,"temporal_fields()"
Duration.prototype.months,"temporal_fields()"
Duration.prototype.nanoseconds,"temporal_fields()"
Duration.prototype.negated,"unary -"
Duration.prototype.round,"temporal_round()"
Duration.prototype.seconds,"temporal_fields()"
Duration.prototype.sign,"sign()"
Duration.prototype.subtract,"temporal_subtract()"
Duration.prototype.toJSON,"as.character()"
Duration.prototype.toLocaleString,"-"
Duration.prototype.toString,"format()"
Duration.prototype.total,"duration_total()"
Duration.prototype.valueOf,"n/a"
Duration.prototype.weeks,"temporal_fields()"
Duration.prototype.with,"-"
Duration.prototype.years,"temporal_fields()"
Instant.compare,"temporal_compare()"
Instant.from,"instant(), as_instant()"
Instant.fromEpochMilliseconds,"instant_from_epoch()"
Instant.fromEpochNanoseconds,"instant_from_epoch()"
Instant.prototype.add,"temporal_add()"
Instant.prototype.epochMilliseconds,"epoch_milliseconds()"
Instant.prototype.epochNanoseconds,"epoch_nanoseconds()"
Instant.prototype.equals,"temporal_equals()"
Instant.prototype.round,"temporal_round()"
Instant.prototype.since,"temporal_since()"
Instant.prototype.subtract,"temporal_subtract()"
Instant.prototype.toJSON,"as.character()"
Instant.prototype.toLocaleString,"-"
Instant.prototype.toString,"format()"
Instant.prototype.toZonedDateTimeISO,"to_zoned_date_time()"
Instant.prototype.until,"temporal_until()"
Instant.prototype.valueOf,"n/a"
Now.instant,"now_instant()"
Now.plainDateISO,"now_plain_date()"
Now.plainDateTimeISO,"now_plain_date_time()"
Now.plainTimeISO,"now_plain_time()"
Now.timeZoneId,"now_time_zone()"
Now.zonedDateTimeISO,"now_zoned_date_time()"
PlainDate.compare,"temporal_compare()"
PlainDate.from,"plain_date(), as_plain_date()"
PlainDate.prototype.add,"temporal_add()"
PlainDate.prototype.calendarId,"-"
PlainDate.prototype.day,"day()"
PlainDate.prototype.dayOfWeek,"day_of_week()"
PlainDate.prototype.dayOfYear,"day_of_year()"
PlainDate.prototype.daysInMonth,"days_in_month()"
PlainDate.prototype.daysInWeek,"days_in_week()"
PlainDate.prototype.daysInYear,"days_in_year()"
PlainDate.prototype.equals,"temporal_equals()"
PlainDate.prototype.era,"-"
PlainDate.prototype.eraYear,"-"
PlainDate.prototype.inLeapYear,"in_leap_year()"
PlainDate.prototype.month,"month()"
PlainDate.prototype.monthCode,"-"
PlainDate.prototype.monthsInYear,"months_in_year()"
PlainDate.prototype.since,"temporal_since()"
PlainDate.prototype.subtract,"temporal_subtract()"
PlainDate.prototype.toJSON,"as.character()"
PlainDate.prototype.toLocaleString,"-"
PlainDate.prototype.toPlainDateTime,"to_plain_date_time()"
PlainDate.prototype.toPlainMonthDay,"-"
PlainDate.prototype.toPlainYearMonth,"-"
PlainDate.prototype.toString,"format()"
PlainDate.prototype.toZonedDateTime,"to_zoned_date_time()"
PlainDate.prototype.until,"temporal_until()"
PlainDate.prototype.valueOf,"n/a"
PlainDate.prototype.weekOfYear,"week_of_year()"
PlainDate.prototype.with,"temporal_with()"
PlainDate.prototype.withCalendar,"-"
PlainDate.prototype.year,"year()"
PlainDate.prototype.yearOfWeek,"year_of_week()"
PlainDateTime.compare,"temporal_compare()"
PlainDateTime.from,"plain_date_time(), as_plain_date_time()"
PlainDateTime.prototype.add,"temporal_add()"
PlainDateTime.prototype.calendarId,"-"
PlainDateTime.prototype.day,"day()"
PlainDateTime.prototype.dayOfWeek,"day_of_week()"
PlainDateTime.prototype.dayOfYear,"day_of_year()"
PlainDateTime.prototype.daysInMonth,"days_in_month()"
PlainDateTime.prototype.daysInWeek,"days_in_week()"
PlainDateTime.prototype.daysInYear,"days_in_year()"
PlainDateTime.prototype.equals,"temporal_equals()"
PlainDateTime.prototype.era,"-"
PlainDateTime.prototype.eraYear,"-"
PlainDateTime.prototype.hour,"hour()"
PlainDateTime.prototype.inLeapYear,"in_leap_year()"
PlainDateTime.prototype.microsecond,"microsecond()"
PlainDateTime.prototype.millisecond,"millisecond()"
PlainDateTime.prototype.minute,"minute()"
PlainDateTime.prototype.month,"month()"
PlainDateTime.prototype.monthCode,"-"
PlainDateTime.prototype.monthsInYear,"months_in_year()"
PlainDateTime.prototype.nanosecond,"nanosecond()"
PlainDateTime.prototype.round,"temporal_round()"
PlainDateTime.prototype.second,"second()"
PlainDateTime.prototype.since,"temporal_since()"
PlainDateTime.prototype.subtract,"temporal_subtract()"
PlainDateTime.prototype.toJSON,"as.character()"
PlainDateTime.prototype.toLocaleString,"-"
PlainDateTime.prototype.toPlainDate,"to_plain_date()"
PlainDateTime.prototype.toPlainTime,"to_plain_time()"
PlainDateTime.prototype.toString,"format()"
PlainDateTime.prototype.toZonedDateTime,"to_zoned_date_time()"
PlainDateTime.prototype.until,"temporal_until()"
PlainDateTime.prototype.valueOf,"n/a"
PlainDateTime.prototype.weekOfYear,"week_of_year()"
PlainDateTime.prototype.with,"temporal_with()"
PlainDateTime.prototype.withCalendar,"-"
PlainDateTime.prototype.withPlainTime,"with_plain_time()"
PlainDateTime.prototype.year,"year()"
PlainDateTime.prototype.yearOfWeek,"year_of_week()"
PlainMonthDay.from,"-"
PlainMonthDay.prototype.calendarId,"-"
PlainMonthDay.prototype.day,"-"
PlainMonthDay.prototype.equals,"-"
PlainMonthDay.prototype.monthCode,"-"
PlainMonthDay.prototype.toJSON,"-"
PlainMonthDay.prototype.toLocaleString,"-"
PlainMonthDay.prototype.toPlainDate,"-"
PlainMonthDay.prototype.toString,"-"
PlainMonthDay.prototype.valueOf,"n/a"
PlainMonthDay.prototype.with,"-"
PlainTime.compare,"temporal_compare()"
PlainTime.from,"plain_time(), as_plain_time()"
PlainTime.prototype.add,"temporal_add()"
PlainTime.prototype.equals,"temporal_equals()"
PlainTime.prototype.hour,"hour()"
PlainTime.prototype.microsecond,"microsecond()"
PlainTime.prototype.millisecond,"millisecond()"
PlainTime.prototype.minute,"minute()"
PlainTime.prototype.nanosecond,"nanosecond()"
PlainTime.prototype.round,"temporal_round()"
PlainTime.prototype.second,"second()"
PlainTime.prototype.since,"temporal_since()"
PlainTime.prototype.subtract,"temporal_subtract()"
PlainTime.prototype.toJSON,"as.character()"
PlainTime.prototype.toLocaleString,"-"
PlainTime.prototype.toString,"format()"
PlainTime.prototype.until,"temporal_until()"
PlainTime.prototype.valueOf,"n/a"
PlainTime.prototype.with,"temporal_with()"
PlainYearMonth.compare,"-"
PlainYearMonth.from,"-"
PlainYearMonth.prototype.add,"-"
PlainYearMonth.prototype.calendarId,"-"
PlainYearMonth.prototype.daysInMonth,"-"
PlainYearMonth.prototype.daysInYear,"-"
PlainYearMonth.prototype.equals,"-"
PlainYearMonth.prototype.era,"-"
PlainYearMonth.prototype.eraYear,"-"
PlainYearMonth.prototype.inLeapYear,"-"
PlainYearMonth.prototype.month,"-"
PlainYearMonth.prototype.monthCode,"-"
PlainYearMonth.prototype.monthsInYear,"-"
PlainYearMonth.prototype.since,"-"
PlainYearMonth.prototype.subtract,"-"
PlainYearMonth.prototype.toJSON,"-"
PlainYearMonth.prototype.toLocaleString,"-"
PlainYearMonth.prototype.toPlainDate,"-"
PlainYearMonth.prototype.toString,"-"
PlainYearMonth.prototype.until,"-"
PlainYearMonth.prototype.valueOf,"n/a"
PlainYearMonth.prototype.with,"-"
PlainYearMonth.prototype.year,"-"
ZonedDateTime.compare,"temporal_compare()"
ZonedDateTime.from,"zoned_date_time(), as_zoned_date_time()"
ZonedDateTime.prototype.add,"temporal_add()"
ZonedDateTime.prototype.calendarId,"-"
ZonedDateTime.prototype.day,"day()"
ZonedDateTime.prototype.dayOfWeek,"day_of_week()"
ZonedDateTime.prototype.dayOfYear,"day_of_year()"
ZonedDateTime.prototype.daysInMonth,"days_in_month()"
ZonedDateTime.prototype.daysInWeek,"days_in_week()"
ZonedDateTime.prototype.daysInYear,"days_in_year()"
ZonedDateTime.prototype.epochMilliseconds,"epoch_milliseconds()"
ZonedDateTime.prototype.epochNanoseconds,"epoch_nanoseconds()"
ZonedDateTime.prototype.equals,"temporal_equals()"
ZonedDateTime.prototype.era,"-"
ZonedDateTime.prototype.eraYear,"-"
ZonedDateTime.prototype.getTimeZoneTransition,"time_zone_transition()"
ZonedDateTime.prototype.hour,"hour()"
ZonedDateTime.prototype.hoursInDay,"hours_in_day()"
ZonedDateTime.prototype.inLeapYear,"in_leap_year()"
ZonedDateTime.prototype.microsecond,"microsecond()"
ZonedDateTime.prototype.millisecond,"millisecond()"
ZonedDateTime.prototype.minute,"minute()"
ZonedDateTime.prototype.month,"month()"
ZonedDateTime.prototype.monthCode,"-"
ZonedDateTime.prototype.monthsInYear,"months_in_year()"
ZonedDateTime.prototype.nanosecond,"nanosecond()"
ZonedDateTime.prototype.offset,"offset()"
ZonedDateTime.prototype.offsetNanoseconds,"offset_nanoseconds()"
ZonedDateTime.prototype.round,"temporal_round()"
ZonedDateTime.prototype.second,"second()"
ZonedDateTime.prototype.since,"temporal_since()"
ZonedDateTime.prototype.startOfDay,"start_of_day()"
ZonedDateTime.prototype.subtract,"temporal_subtract()"
ZonedDateTime.prototype.timeZoneId,"time_zone()"
ZonedDateTime.prototype.toInstant,"to_instant()"
ZonedDateTime.prototype.toJSON,"as.character()"
ZonedDateTime.prototype.toLocaleString,"-"
ZonedDateTime.prototype.toPlainDate,"to_plain_date()"
ZonedDateTime.prototype.toPlainDateTime,"to_plain_date_time()"
ZonedDateTime.prototype.toPlainTime,"to_plain_time()"
ZonedDateTime.prototype.toString,"format()"
ZonedDateTime.prototype.until,"temporal_until()"
ZonedDateTime.prototype.valueOf,"n/a"
ZonedDateTime.prototype.weekOfYear,"week_of_year()"
ZonedDateTime.prototype.with,"temporal_with()"
ZonedDateTime.prototype.withCalendar,"-"
ZonedDateTime.prototype.withPlainTime,"with_plain_time()"
ZonedDateTime.prototype.withTimeZone,"with_time_zone()"
ZonedDateTime.prototype.year,"year()"
ZonedDateTime.prototype.yearOfWeek,"year_of_week()"
